Instance;Size;#Tiles;Value;#Clauses;#Variables;TimeR;MemoryMad;TimeMad;MemoryMer;TimeMer;MemoryBFS;TIMEBFS
1;9;2;2;170;53;0.67;0;0.31;9.9;1.2;0;0.32
2;9;2;2;143;48;2.64;0;0.97;11.4;1.17;0;0.11
3;9;2;2;173;58;0.25;0;0.38;11.5;0.7;0;0.53
4;9;2;2;143;48;0.94;0;0.43;11.5;0.61;0;0.94
5;9;2;2;170;53;0.91;0;0.13;10.9;0.6;0;0.36
6;9;2;2;170;53;0.50;0;0.44;10.8;5.07;0;0.73
7;9;2;2;173;58;0.22;0;0.73;10.8;1;0;0.67
8;9;2;2;173;58;0.67;0;0.68;11;0.37;0;0.38
9;9;2;2;113;38;0.67;0;0.35;10.6;0.74;0;0.18
10;9;2;2;167;48;0.66;0;0.2;10.7;0.87;0;0.14
11;9;3;2;337;110;1.89;0;0.29;11.7;1.77;12.6;0.23
12;9;3;2;297;100;0.14;0;0.95;11.7;0.96;13.9;1.08
13;9;3;2;251;82;0.27;0;0.36;13.6;1.48;13.5;0.5
14;9;3;2;280;96;0.41;0;0.4;13.6;1.39;16.1;0.89
15;9;3;2;313;106;0.74;0;0.11;13.2;1.38;13.7;0.33
16;9;3;2;302;99;0.75;0;0.42;11.8;5.85;14.7;0.71
17;9;3;2;336;110;0.57;0;0.71;10.8;0.77;0;0.65
18;9;3;2;302;99;0.49;0;0.66;12;1.14;7.4;0.35
19;9;3;2;286;93;0.32;0;0.33;11.6;1.5;8.2;1.12
20;9;3;2;336;110;0.77;0;0.19;11.4;1.64;10.9;1.06
21;9;4;2;473;161;0.32;0;0.27;228.6;38.94;392.9;9.54
22;9;4;2;451;150;2.08;208.7;7.93;298.6;48.1;472.1;7.96
23;9;4;2;437;144;0.44;0;0.34;165.1;25.21;268;4.24
24;9;4;2;419;143;0.22;138.2;3.36;230;40.16;398.6;6.64
25;9;4;2;479;164;0.18;1079.4;322.4;243.6;43.04;416.7;8.18
26;9;4;2;444;147;0.59;14.4;0.4;193.9;36.7;328.1;5.58
27;9;4;2;479;164;0.99;0;0.69;252.1;45.03;414.8;7.55
28;9;4;2;491;162;0.79;0;0.64;164.9;24.69;290.9;15.48
29;9;4;2;484;155;0.62;0;0.31;91.8;13.47;143.8;1.94
30;9;4;2;513;174;0.80;315.6;20.17;286.7;56.66;475.1;8.92
31;9;5;2;743;251;0.91;0;0.22;4090.4;721.17;6428.6;106.38
32;9;5;2;658;225;0.98;1320.1;1020.35;4090.9;666.36;6427.3;73.68
33;9;5;2;732;243;0.09;0;0.32;3948.6;670.52;6426.4;104.28
34;9;5;2;685;232;0.79;1296.4;1800.09;4092.3;626.64;6430.1;105.63
35;9;5;2;789;258;0.38;0;0.3;3156.1;591.82;5511.6;89.36
36;9;5;2;646;220;0.40;1077.7;346.82;3932.4;599.15;6425.4;111.94
37;9;5;2;779;263;0.70;1880.9;1800.16;4014.1;683.84;6320;603.57
38;9;5;2;770;251;0.58;0;0.62;2486.7;447.26;4137.4;72.86
39;9;5;2;644;220;3.23;1915.9;1800.13;4090.8;608.06;6391.5;134.09
40;9;5;2;757;256;0.40;0;0.79;4092.8;646.07;6419;103.76
41;9;5;2;652;221;0.26;1926.7;753.16;3958.8;670.98;6429.8;74.43
42;9;5;2;619;207;0.80;426.3;44.77;4091.2;743.93;6430.4;115.88
43;9;5;2;741;243;0.34;0;0.29;3942.5;570.81;6424.6;107.29
44;9;5;2;573;196;0.09;263.4;7.72;4090.4;704;6426.7;99.17
45;16;5;2;1295;402;0.87;2295.4;352.28;3775.6;430.38;6427.1;98.36
46;12;5;2;903;297;0.74;0;0.26;3944.4;590.85;6423.4;78.94
47;9;5;2;676;226;0.45;0;0.23;4091.2;700.62;6426.1;112.42
48;9;5;2;509;174;0.66;1724.8;1800.08;4092.2;699.43;6428.4;154.87
49;9;5;2;628;215;0.09;1482.7;1800.13;4091.6;707.89;6426;75.03
50;9;5;2;611;205;0.87;0;0.75;4021.1;759.05;6426.1;76.66
51;9;6;2;783;266;0.44;0;0.19;3753.8;632.97;6427.8;111.49
52;12;6;2;1253;415;0.75;1534.7;1800.14;3940.3;550.5;6428.7;180.66
53;9;6;2;843;286;0.42;0;0.27;3937.9;659.49;6428.4;79.87
54;9;6;2;847;288;0.76;1277.9;1800.08;3659.1;826.44;6425.5;123.21
55;9;6;2;793;269;0.79;0;0.17;3943;694.28;6423.4;110.8
56;12;6;2;1248;395;1.16;1956.6;1800.08;3957;528.58;6424.8;72.88
57;12;6;2;1353;443;1.09;2438.8;611.51;4088.8;554.02;6426;82.4
58;9;6;2;727;248;0.32;0;0.19;3624.8;742.29;6425.5;248.53
59;9;6;2;836;279;1.23;1105.1;424.86;4089.1;636.6;6421.2;64.34
60;9;6;2;834;279;0.30;1128.8;544.32;3553.5;578.14;6425.1;98.08
61;9;6;2;794;272;0.46;2051.4;1800.1;3949.8;812.25;6430.4;186.44
62;9;6;2;762;260;1.01;1842.9;1800.1;3943.1;1020.69;6429.4;181.56
63;9;6;2;771;255;0.75;0;0.21;3938.6;738.09;6421.1;74.15
64;9;6;2;712;243;0.18;1814.5;1800.11;3567.2;702.14;6427.1;1428.66
65;9;6;2;846;289;0.58;2139.2;1800.19;3768.2;731.09;6426.5;126.24
66;9;6;2;887;297;0.78;0;0.29;3938.5;672.65;6427.3;65.91
67;9;6;2;850;289;0.78;1722.5;1502.04;3709.9;665.04;6429.3;131.59
68;9;6;2;748;252;0.94;1682.2;1800.17;3678.6;726.22;6428.8;197.38
69;9;6;2;779;261;0.10;0;0.45;4089.8;663.29;6403.1;74.34
70;9;6;2;823;277;0.09;1957.8;1800.18;3601.3;639.49;6430.6;81.37
71;9;6;2;492;208;0.27;756.7;129.9;3754.1;710.55;6427;137.11
72;12;6;2;1050;352;2.08;1648.6;1800.13;3877.7;767.78;6430.3;457.88
73;12;6;2;1127;366;0.22;16.2;1.18;3631.6;525.91;6429.5;128.02
74;12;6;2;946;316;2.64;2113.1;1800.08;3719.9;896.65;6425.1;914.26
75;12;6;2;1363;442;0.54;2318.3;422.45;3834.1;520.21;6421.3;68.86
76;16;6;2;1491;484;0.06;1946.9;1800.08;3942;607.31;4007.6;1800.21
77;12;6;2;1004;337;0.89;1946;1800.13;3748.9;588.18;6426.9;1653.59
78;9;6;2;895;300;1.02;0;0.18;3802.9;613.09;6427.3;98.19
79;9;6;2;870;291;0.23;17;0.42;3673.5;609.04;6430.6;68.35
80;12;6;2;986;331;0.33;1978.5;1800.2;3675.2;733.12;4976.3;1800.24
81;9;7;2;814;289;0.75;1971.7;1800.1;3927.6;749.23;6428.4;276.26
82;12;7;2;1635;534;0.81;2300.9;645.87;3815.6;604.39;6422.7;83.84
83;12;7;2;1139;383;0.82;2049.4;1800.2;3911.5;575.87;1869.3;1800.13
84;15;7;2;2109;672;0.45;1958.4;1800.19;3995.3;614.68;6424.7;552.55
85;16;7;2;1992;638;0.40;1955.1;1800.16;3933.5;642.36;673.9;1800.08
86;12;7;2;1608;530;0.85;2425.8;1333.36;3945.9;610.63;6426.3;214.92
87;9;7;2;1020;347;0.39;1963.8;1800.09;3515.8;769.21;6422.8;1376.13
88;9;7;2;976;323;0.78;1781;1800.17;3618.3;582.7;6430.2;137.29
89;12;7;2;1478;481;0.54;2422;753.25;3691.3;791.41;5506.2;1800.23
90;12;7;2;1372;455;0.37;1959;1800.15;3714.3;932.6;6283.4;1800.26
91;12;7;2;1315;435;3.23;2341.6;1800.2;3788.6;777.98;5307.2;1800.35
92;9;7;2;1060;352;0.50;1963.1;1800.12;3889.4;762.44;6427.9;105.48
93;20;7;2;2646;824;0.98;1915.1;1800.18;3948.9;615.39;5691.9;1800.29
94;9;7;2;935;334;1.06;1801.3;1800.19;3786.4;818.76;6427.3;165.09
95;9;7;2;949;324;0.92;2315.2;847.16;3869.4;811.38;5045.1;1800.23
96;9;7;2;820;295;0.38;146;3.38;3807.1;723.86;6429.9;289.17
97;9;7;2;814;311;0.39;1958.8;1800.14;3893.4;678.33;6430.7;183.59
98;15;7;2;1786;581;0.79;1963.7;1800.1;3943.5;631.3;4956.2;1800.24
99;15;7;2;1851;601;0.87;2289;657.44;3785.7;670.93;5942.5;1800.31
100;9;7;2;1026;345;0.80;1965.4;1800.19;3655.9;688.22;6430.4;184.61
101;25;7;2;3591;1014;1.01;1917;1800.14;4089.2;592.98;624.9;1800.08
102;12;7;2;1159;405;0.28;1955.8;1800.18;3858.1;839.61;6403.8;364.64
103;20;7;2;2374;723;0.21;1916.9;1800.14;3957.9;627.43;395.6;1800.1
104;20;7;2;2504;796;0.82;1936;1800.08;3955.1;646.3;601.2;1800.04
105;16;7;2;1520;493;0.25;1935;1800.17;3952.2;704.36;1530.1;1800.09
106;15;7;2;1966;624;0.90;2300.8;461.16;3902.7;558.87;6415.3;1514.05
107;12;7;2;1170;404;1.15;1743.5;1800.1;3618.4;627.24;4492.2;1800.19
108;20;7;2;2092;684;1.05;2355.6;894.65;4090.5;705.1;854.1;1800.07
109;12;7;2;1072;377;0.85;2098;1800.14;3951.9;669.76;3430.4;1800.14
110;20;7;2;2903;861;0.13;1939.4;1800.13;4088.1;598.22;6414.9;704.67
111;12;8;2;1525;530;0.71;2290.7;512.63;3882.3;817.05;2832.3;1800.23
112;12;8;2;1462;509;1.00;2300.7;716.1;3933.6;1105.49;327.1;1800.07
113;12;8;2;1371;480;0.73;2274.3;740.56;4062.8;854.91;392.8;1800.04
114;12;8;2;1529;533;0.80;1475.4;318.05;3875.1;756.14;4736.3;1800.21
115;16;8;2;2224;734;0.38;2138.7;1800.1;3941.8;668.64;565.4;1800.1
116;20;8;2;2533;817;0.73;2331.4;714.06;3932.7;748.28;1039.5;1800.16
117;12;8;2;1418;479;1.03;1780.4;1800.14;4075.8;1010.89;417.7;1800.04
118;15;8;2;2107;698;0.50;2378.2;576.1;4091.6;683.43;857.2;1800.12
119;15;8;2;1828;603;0.81;1955.8;1800.13;4087.5;681.39;2883.9;1800.18
120;16;8;2;2031;672;0.61;2234.7;1800.18;4089.7;685.48;779.9;1800.05
121;12;8;3;1544;520;1.03;1931.4;1800.13;3961.7;655.8;429.6;1800.08
122;16;8;3;2333;763;0.13;1906.1;1800.14;4090.2;701.63;579.1;1800.09
123;20;8;3;3114;982;0.37;1519.3;109.24;3943.8;655.45;917.1;1800.14
124;12;8;3;1512;532;1.48;1739.2;1800.17;3931.5;654.58;350.7;1800.07
125;20;8;3;3378;1056;0.95;2148;281.27;3963.1;723.59;6423.7;1645.51
126;16;8;3;2229;734;0.63;1991.2;1800.2;3936.3;751.33;475.6;1800.1
127;20;8;3;2990;979;0.58;2256;290.42;4089.2;792.64;735;1800.06
128;16;8;3;1872;627;1.23;1879.9;1800.09;4090.2;795.15;828.3;1800.14
129;12;8;3;1443;507;1.02;1333.3;1800.08;4090.4;739.31;356;1800.04
130;20;8;3;3288;1063;0.67;2245.6;326.55;4089;745.1;725.5;1800.11
131;15;8;2;1796;599;0.25;2389.4;1115.13;3935.3;880.67;1069;1800.14
132;16;8;2;2367;762;0.81;1917.5;1800.17;4090.6;966.39;3301.7;1800.13
133;25;8;2;3953;1241;0.39;2247.4;300.87;4090.7;821.63;1702.9;1800.15
134;20;8;2;2805;901;0.47;1921;1800.13;3960.1;767.11;891.4;1800.12
135;20;8;2;2704;850;0.57;1909.7;1800.12;3954.2;719.47;488.9;1800.11
136;15;8;2;1676;576;0.76;2241.2;1359.66;3959.9;802.22;788.3;1800.11
137;16;8;2;1792;616;1.04;1938.9;1800.13;4090.7;785.5;794.8;1800.13
138;15;8;2;2080;683;0.97;2146.5;1800.13;4088.6;842.04;2464.6;1800.19
139;16;8;2;1972;649;0.84;2156.9;1800.13;4090.4;789.04;918.9;1800.13
140;12;8;2;1630;547;0.23;2092.8;1800.18;3876.3;797.63;2988.9;1800.16
141;15;9;3;2236;739;1.24;1943.7;1800.12;3949.7;769.3;632.3;1800.1
142;25;9;3;4796;1521;1.16;2175.5;231.79;3951.8;782.39;1397.1;1800.09
143;25;9;3;4252;1353;0.19;2116.7;172.32;4090;1018.34;1870.4;1800.11
144;16;9;3;3109;1022;0.87;1983.7;1800.11;4090.8;772.56;498;1800.03
145;20;9;3;3288;1075;3.24;1913.2;1800.08;3953.7;825.33;1490.3;1800.07
146;16;9;3;3067;998;1.07;1913.9;1800.08;3933.4;651.54;620.1;1800.05
147;30;9;3;5573;1714;0.85;2099.9;426.03;4083.9;993.49;6405.1;1731.88
148;20;9;3;3471;1135;0.59;2225.9;351.77;4083.4;707.18;1507.9;1800.15
149;20;9;3;3176;1042;0.71;2082.8;342.12;4090.5;983.04;1157.7;1800.11
150;16;9;3;2675;888;0.44;2154;347.31;4091.7;1086.1;816.2;1800.08
151;16;9;2;2895;950;0.95;2242.4;623.2;3957.9;638.39;925.6;1800.14
152;16;9;2;2451;814;0.34;1932.6;1800.13;3962.1;934.31;950.5;1800.09
153;16;9;2;2136;731;1.01;1921.1;452.69;3941.1;725.48;975;1800.12
154;24;9;2;4596;1447;0.24;2165.8;545.12;3958.6;719.54;1479.8;1800.15
155;20;9;2;3493;1111;0.81;1933.2;1800.09;3955.6;759.89;955.5;1800.11
156;15;9;2;2185;728;0.23;2026.5;1800.1;3952.4;807.38;869.9;1800.12
157;15;9;2;2318;780;1.90;1930.7;1800.09;4091.4;1190.57;783.1;1800.13
158;16;9;2;2605;867;0.55;2246.4;508.24;4090.2;688.75;761.4;1800.08
159;18;9;2;2880;941;1.17;1929.1;1800.09;4090.9;836.7;1175.1;1800.1
160;20;9;2;3435;1107;0.93;2318.2;961.69;4088.3;804.86;1829.1;1800.15
161;20;9;3;3289;1073;0.35;1820;1800.13;3961.5;893.39;1197.6;1800.15
162;20;9;3;2522;848;0.80;2058.3;158.77;4090.8;893.18;1583.7;1800.09
163;20;9;3;3766;1227;0.96;2063.3;197.03;3947.3;792.41;1157.8;1800.14
164;20;9;3;3671;1204;0.77;2052.3;1800.11;4087.6;810.65;1169.5;1800.16
165;25;9;3;4384;1398;0.77;2190.2;534.54;3936.5;819.31;6409.4;1718.79
166;20;9;3;3150;1036;0.44;2044.5;1800.16;1587.2;1800.13
167;25;9;3;3174;1078;0.60;2147.4;266.12;4089.9;1049.27;5957.6;1800.32
168;25;9;3;4765;1525;0.77;2196;387.84;4087.4;878.72;1400.1;1800.09
169;25;9;3;4549;1463;0.80;2166.4;1800.19;4079.2;709.54;1939.3;1800.16
170;20;9;3;3509;1141;0.38;2068.1;1800.2;4091.6;1190.67;1471.4;1800.1
171;25;10;2;4813;1528;0.21;2152.8;908.96;3963.5;890.1;6301.6;1800.3
172;25;10;2;4414;1408;0.38;2074.2;831.76;3932.8;905.13;6308.6;1800.3
173;25;10;2;4589;1467;2.89;2188.7;314.35;3959.2;907.33;6331.8;1800.32
174;25;10;2;4595;1492;1.28;2058.8;600.14;3942.2;1039.58;6163.6;1800.3
175;25;10;2;4676;1523;1.47;2045.1;300.62;3946.1;888.15;6156.2;1800.31
176;25;10;2;4922;1603;0.53;2031.1;281.47;6405.3;1779.98
177;25;10;2;4489;1423;0.50;2197.5;501.65;4092.1;1219.71;6348.2;1800.26
178;20;10;2;3368;1128;0.34;2012.8;1800.11;4090.2;1006.01;2076.8;1800.09
179;25;10;2;4136;1338;0.33;2057.4;323.13;4091.6;907.52;6162.3;1800.27
180;20;10;2;3943;1285;0.51;2138.7;570.16;4090.4;830.43;2041.3;1800.13
181;20;10;3;3992;1304;0.91;2123.8;131.36;4090.9;890.06;2876.1;1800.18
182;20;10;3;3664;1195;0.95;1997.2;170.09;3938.6;829.37;2215.4;1800.18
183;25;10;3;4950;1603;0.87;2251.4;1780.61;3952.3;792.49;6323.9;1800.29
184;24;10;3;5391;1740;0.93;2208.1;1800.17;3955.7;1004.17;6406.8;1637.81
185;20;10;3;4211;1376;0.98;2024.4;352.26;3928.8;816.78;1622.2;1800.13
186;20;10;3;3760;1232;1.05;2046.1;243.78;1317;1800.13
187;20;10;3;3352;1114;1.90;1912;1800.14;4090.8;936.85;1287.7;1800.15
188;25;10;3;5064;1587;1.04;2096.9;171.6;4084.9;910.54;6346.7;1800.3
189;20;10;3;3839;1256;0.21;2044;130.99;4088.9;853.4;1645;1800.16
190;25;10;3;5478;1728;0.32;2125.5;686.72;4089.2;927.03;6404.6;1800.29
191;25;10;2;4565;1457;0.73;2069.7;624.84;4091.5;894.85;6116.1;1800.42
192;25;10;2;5303;1687;1.59;2223.2;330.85;4090.2;864.51;2708.1;1800.16
193;25;10;2;4502;1452;0.78;2075;1800.16;4090.2;867.64;6156.3;1800.3
194;25;10;2;4435;1431;0.92;2007.9;362.29;3945.4;888.41;5841.4;1800.27
195;24;10;2;4061;1325;0.20;2027.3;633.5;3955.3;890.98;5818.3;1800.28
196;25;10;2;4801;1541;0.73;2032.6;262.26;6080.4;1800.27
197;20;10;2;3862;1256;1.37;2157.7;505.52;4091.3;1169.11;2040;1800.1
198;25;10;2;4482;1430;0.91;2032.1;262.8;4088.6;928.92;6006.7;1800.27
199;25;10;2;4818;1530;1.45;1980.3;1800.13;4091.1;896.69;5997.9;1800.28
200;24;10;2;3984;1288;0.47;2047;313.12;4090.9;951.72;5776.5;1800.26
201;25;11;3;5777;1847;1.10;2210;462.45;4091.2;1271.49;5455.9;1800.26
202;25;11;3;5114;1650;0.26;2017.9;1800.18;4090;1039.93;4838;1800.23
203;24;11;3;5870;1877;1.24;1952.3;1800.11;4089.6;978.25;5769.1;1800.33
204;30;11;3;7974;2536;1.28;2212.8;1800.13;3943.8;1062.93;4783;1800.26
205;25;11;3;5445;1778;0.43;2184.1;1800.17;3947;1071.32;4946.3;1800.26
206;24;11;3;6153;1966;1.50;2078.3;211.36;4086.4;897.21;5558;1800.19
207;25;11;3;6122;1966;1.21;2050.3;92.93;4089.3;1047.95;5303.2;1800.26
208;24;11;3;5987;1944;0.75;2020.4;1800.12;3989;792.1;5033.6;1800.24
209;25;11;3;6065;1938;0.98;2096.2;290.92;4084.1;989.03;5007.6;1800.3
210;25;11;3;5272;1690;0.81;2084.4;126.1;4089;1005.82;4613.6;1800.23
211;20;11;2;4342;1415;1.12;2118.5;440.63;3959.8;840.7;2741.3;1800.16
212;30;11;2;8109;2507;1.25;2153.8;155.25;4088.2;1055.15;5914;1800.35
213;20;11;2;4692;1544;0.25;2125;535.42;3943.4;858.13;2500.8;1800.2
214;25;11;2;5154;1658;0.45;2013.9;350.22;3938.6;1269.53;5999.9;1800.25
215;20;11;2;4424;1438;0.53;2254;581.62;3943.9;867.82;2510.8;1800.18
216;20;11;2;4773;1555;0.99;2123.8;505.1;4090.5;895.7;2243.4;1800.15
217;20;11;2;5098;1649;0.30;2108.1;410.6;4091.9;1202.59;2150.3;1800.14
218;25;11;2;6081;1940;0.50;2016.9;237.86;4090.6;987.86;6261.2;1800.27
219;24;11;2;5570;1796;0.81;2006;274.76;4091;1403.85;5931.5;1800.31
220;24;11;2;5308;1721;0.43;2062.8;349.35;4089.8;892.97;6360.4;1800.31
221;25;11;3;6343;2022;1.59;2085.3;170.02;4088;1025.67;5293.6;1800.28
222;30;11;3;7260;2329;0.40;2124.4;238.98;3946.5;1138.33;4687.2;1800.21
223;25;11;3;5906;1868;0.30;2088.8;776.45;4089.5;1111.19;5102.4;1800.24
224;30;11;3;7407;2322;1.25;2168.9;1800.18;3932;1007.3;4926.5;1800.27
225;25;11;3;5749;1847;0.45;1883.7;1800.12;3892.5;825.65;4911.8;1800.17
226;30;11;3;6358;2037;0.98;2163.3;328.75;4090.7;1208.23;4785.9;1800.3
227;30;11;3;6417;2002;0.50;2205.3;1074.53;4079.5;898.39;4841;1800.28
228;25;11;3;6047;1948;1.28;2073.5;1800.09;4083.1;935.2;4839;1800.27
229;30;11;3;6793;2157;1.05;1947.1;1800.14;4094.1;1480.49;4616.4;1800.19
230;30;11;3;7121;2253;1.05;2139.3;145.25;4089.9;1238;4497.7;1800.27
231;28;12;2;7637;2426;1.38;2156.8;380.63;3954.3;932.92;5125.6;1800.32
232;35;12;2;9160;2890;6.07;2175.6;1800.12;3956.4;1078.21;3431.6;1800.15
233;30;12;2;7141;2266;2.72;2081.4;541.97;3940.5;1053.75;3779.7;1800.25
234;36;12;2;9865;3095;1.84;2180.1;177.32;3944.8;1147.61;3702.1;1800.17
235;36;12;2;9283;2879;4.25;2302.3;865.92;3945;1311.14;3360.7;1800.17
236;25;12;2;6149;1963;0.58;2314.3;826.47;4093;995.03;5123.9;1800.26
237;35;12;2;10000;3099;21.49;2327.4;845.89;4090;1419.14;3545.2;1800.15
238;25;12;2;7153;2247;0.87;2002.7;1800.11;4090.2;993.27;5285.7;1800.2
239;35;12;2;9106;2811;14.27;2206.4;1066.51;4091;1191.67;3280.8;1800.16
240;35;12;2;9305;2916;9.07;2321.4;253.91;4091;1164.4;3613.7;1800.13
241;24;12;3;6750;2163;3.40;2098;258.46;3935.8;1288.49;4709.6;1800.35
242;30;12;3;8659;2745;3.53;2164;163.04;3924.4;892.18;4939.3;1800.24
243;25;12;3;7723;2415;13.98;2068.8;92.12;4090.1;1062.23;5627.6;1800.33
244;24;12;3;6868;2224;1.81;2085;122.05;3925.4;720.04;5463.6;1800.24
245;25;12;3;6605;2130;1.35;2193.3;449.08;3938.6;923.41;4960;1800.23
246;25;12;3;7822;2491;16.77;2203;305.2;4091.1;1098.94;5427.7;1800.34
247;25;12;3;6742;2155;3.23;2063.1;1800.11;4084.8;999.34;5209.9;1800.23
248;24;12;3;6531;2099;0.78;2040.9;136.52;4085;959.61;4833.2;1800.17
249;24;12;3;7073;2257;23.63;1985.2;1800.19;4088.4;971.2;5340.6;1800.31
250;25;12;3;7068;2238;6.68;2074.7;306.47;4092.1;1370.64;5149.7;1800.28
251;35;12;4;9728;3114;0.91;2173.2;206.24;3929.1;1028;6426.6;1153.27
252;30;12;4;8676;2774;1.16;1948.6;1800.16;3938.4;1102.56;4984.2;1800.31
253;30;12;4;9326;2921;1.22;1969.4;610.86;3922.5;1186.13;5360.9;1800.22
254;35;12;4;9810;3083;1.00;2040.3;242.99;3929.9;1164.09;6427.9;1022.88
255;30;12;4;8400;2655;0.91;2239.3;437.1;4086.9;1300.84;4904.6;1800.23
256;36;12;4;10987;3387;0.40;2070.6;1800.12;4078.6;1310.13;6424.9;1237.99
257;30;12;4;9292;2939;1.23;2160.2;1800.16;4082.4;1286.22;5031.3;1800.2
258;35;12;4;10720;3323;0.62;2091.2;1800.1;4081.5;1357.66;6426.2;1105.23
259;30;12;4;7701;2462;0.70;1964.8;1800.13;4076.4;1050.71;4900.5;1800.21
260;36;12;4;10007;3168;1.05;2116.3;1800.17;4083.6;1528.67;6424.6;1238.83
261;24;13;3;8120;2609;53.59;1992;1800.16;3954.1;1060.75;5194.7;1800.25
262;24;13;3;7556;2440;11.48;2065.2;123.26;3936.7;770.5;5176.1;1800.23
263;20;13;3;6529;2102;1.05;2110.1;1800.16;3928.6;782.18;5690.6;1800.35
264;25;13;3;8093;2583;262.38;2124.2;1800.14;4074.9;813.18;4924.7;1800.26
265;24;13;3;7597;2452;0.55;2241.2;1800.16;4090.2;1041.71;5014.4;1800.21
266;24;13;3;7995;2557;38.63;2072.4;143.67;4083.1;944.09;5078.5;1800.26
267;24;13;3;7662;2489;1.08;2060.9;206.37;4090.9;1088.89;4935.8;1800.22
268;25;13;3;8390;2675;3.35;2183.3;99.49;4087.9;913.87;5268.4;1800.29
269;20;13;3;6519;2110;4.51;1870.5;1800.13;4088.2;869.45;6140.5;1800.3
270;20;13;3;6470;2101;0.47;1851.3;1800.11;4087.4;850.48;5432.3;1800.23
271;24;13;2;7772;2478;5.30;2013.2;167.83;3939.9;874.33;5443.1;1800.33
272;25;13;2;7603;2428;63.31;2155.2;857.01;4090.9;963.91;4960.7;1800.26
273;30;13;2;9875;3092;1.12;2200.8;565.17;4090.2;1064.56;4229.3;1800.2
274;25;13;2;7340;2338;0.92;2173.5;352.88;3945.8;981.93;4603.7;1800.26
275;24;13;2;7535;2392;0.77;2184.6;516.72;4090.1;936.96;5352.8;1800.26
276;25;13;2;7357;2359;0.64;2297.9;721.57;4090.6;926.16;4985.7;1800.3
277;28;13;2;8185;2595;1.02;2112.5;490.63;4091.9;1008.87;4394.6;1800.15
278;28;13;2;8558;2706;1.59;2105.1;491.28;4090.3;1024.95;4350.1;1800.19
279;25;13;2;8343;2612;0.36;2321.4;1776.7;4089.3;935.03;5159.1;1800.25
280;25;13;2;7690;2452;0.44;2169.1;798.5;4089.2;1194.11;5020.8;1800.23
281;40;13;3;13057;3986;12.27;2085.3;1800.1;4082.3;1251.61;6424.7;1184.73
282;42;13;3;13361;4027;36.01;2315.7;569.32;3939.3;1382.31;6420.9;1708.38
283;42;13;3;13361;4052;50.84;2066.4;1800.12;4081.4;1339.63;6422.4;1754.27
284;36;13;3;11381;3553;38.25;2207.7;168.4;3942.1;1760.96;6426.6;1322.2
285;36;13;3;11883;3666;85.16;2141.4;1800.12;3934.9;1316.92;6427.5;1355.03
286;36;13;3;10650;3299;4.27;2314.5;138.81;4088.4;1376.92;6426;1373.98
287;36;13;3;10777;3361;11.83;2090.4;1800.15;4082.4;1177.03;6426.1;1612.33
288;36;13;3;11386;3507;20.97;2198.8;246.61;4072.5;1032.77;6428.4;1378.78
289;35;13;3;11562;3578;30.78;2213.2;164.62;4080.5;1040.54;6428.8;1228.88
290;35;13;3;11273;3507;10.49;2354.1;251.27;4083.5;1171.14;6429.1;1297.84
291;42;14;2;14999;4487;82.56;2238.2;135.2;3881.1;1329.42;5792.4;1800.23
292;35;14;2;11618;3596;0.75;2181.7;738.06;3964;1130.93;6404.1;1324.49
293;48;14;2;18397;5467;7.42;2115.6;1800.08;4088.8;1581.68;3101.7;1800.2
294;42;14;2;15098;4538;28.06;2236.1;1443.14;3932.8;1356.5;6381.2;1800.3
295;48;14;2;17404;5228;1800.07;2475.3;237.02;3953.8;1601.47;4502.1;1800.23
296;36;14;2;12775;3876;12.25;2044;1800.1;4090.1;1338.3;6405.4;1523.21
297;42;14;2;14682;4393;1800.06;2144;1800.16;3999.7;1322.18;5603.6;1800.23
298;40;14;2;14477;4410;51.63;2250.1;280.89;4090.9;1362.91;6403.5;1734.83
299;42;14;2;14793;4495;1800.09;2247;164.34;4071.2;1400.37;6401.6;1740.62
300;42;14;2;14099;4328;1800.08;2182;1800.13;4041.4;1374;5340.7;1800.26
301;30;14;4;11612;3612;24.85;1956.8;1800.16;4077;1041.46;5011.9;1800.32
302;30;14;4;11560;3606;33.90;2197.1;291.84;3945.8;1154.06;6400.4;944.01
303;25;14;4;8995;2887;4.70;2126.2;194.82;3940.7;1134.73;5143.5;1800.3
304;30;14;4;11875;3740;17.12;2059.2;1800.17;3943.6;1218.21;5096;1800.26
305;30;14;4;11743;3723;69.55;2035.6;1800.1;3945.3;1130.61;4998.7;1800.22
306;30;14;4;12306;3843;66.44;2172.4;199.31;4086.6;1428.75;4887.1;1800.25
307;30;14;4;11677;3638;51.37;2117;1800.19;4039.8;1204.52;5337.5;1800.23
308;30;14;4;12464;3922;55.18;2317.7;393.75;4088.4;1451.46;6400.6;841.75
309;25;14;4;8957;2856;19.78;2112.7;114.84;4086.3;1251.97;5178.4;1800.19
310;28;14;4;10631;3376;1.02;1982.9;1800.16;4085.1;1252.23;4705.5;1800.29
311;42;14;2;14320;4358;48.03;2207;192.95;3931.9;1355.72;6056.3;1800.24
312;42;14;2;15557;4643;6.31;2264.9;704.3;3846.2;1320.18;6403.6;1636.31
313;48;14;2;18446;5408;179.25;2318.3;1800.2;3951.2;1509.17;1382.7;1800.1
314;49;14;2;18556;5406;1800.06;2094;1800.11;3944.8;1565.2;2264.4;1800.15
315;36;14;2;12581;3903;72.58;2290.3;562.47;3942.7;1227.49;6405.5;1456.62
316;49;14;2;18036;5305;1800.04;2220.9;1800.14;4087.3;1648.92;1274;1800.09
317;42;14;2;15036;4521;5.57;1997;1800.16;4009.6;1390.83;5139;1800.36
318;40;14;2;14199;4355;11.44;2104.7;1800.2;4089.4;1320.52;6402.7;1693.65
319;49;14;2;18706;5471;1147.86;2107.2;1800.2;4089;1622.33;1380.7;1800.08
320;48;14;2;18244;5412;1800.08;2133;1800.17;4088.7;1699.54;1372.3;1800.13
321;49;15;3;20856;6099;1800.06;2380.6;765.41;4074.8;1279.83;2325.7;1800.15
322;42;15;3;16333;4927;1800.04;2120.9;1800.14;3950.8;1111.16;6421.3;1667.84
323;49;15;3;20961;6155;1800.06;1955;1800.13;3947.3;1589.52;1254.4;1800.05
324;49;15;3;20578;6041;1800.02;2122.9;1800.13;3942.4;1483.27;1843.1;1800.1
325;49;15;3;22229;6533;1800.02;2382;598.56;3922.1;1531.11;1352.8;1800.1
326;42;15;3;17961;5435;1800.04;2065.6;1800.08;4073.9;1025.27;6422;1770.79
327;48;15;3;21273;6273;1800.04;2266.9;1800.17;4074.5;1257.6;4350.7;1800.24
328;49;15;3;22002;6448;1800.06;1883.2;367.58;4075.2;1321.02;1341.6;1800.08
329;42;15;3;17488;5223;1800.06;2102.4;1800.13;4035.1;992.51;6421.9;1737.7
330;40;15;3;16278;4886;1800.04;2200;1800.11;4074.8;1009.16;6422.8;1671
331;36;15;2;15247;4609;1.26;2135.6;281.08;3940.6;1176.34;6411.9;1436.81
332;30;15;2;12254;3762;4.65;2005.9;1800.13;3952.2;1013.56;3727.6;1800.17
333;30;15;2;11530;3594;1.54;2261.9;1181.04;3934.4;1118.48;3461.5;1800.18
334;28;15;2;11675;3631;0.43;2070.7;139.19;3961.9;1000.54;3902.4;1800.26
335;30;15;2;12095;3748;0.88;2235.4;1118.05;3939.6;1042.26;3780.5;1800.26
336;30;15;2;11400;3572;20.40;2223.9;258.03;4090.2;1080.31;3591.6;1800.21
337;30;15;2;11821;3722;2.38;2219.8;684.29;4090;1156.69;3586;1800.15
338;30;15;2;11302;3544;3.14;2176.5;1800.18;4090.3;1109.18;3304;1800.21
339;30;15;2;11991;3728;0.59;2393.8;1339.28;4090.9;1093.59;3657.6;1800.15
340;30;15;2;12281;3805;1.48;2066;282.98;4091.7;1479.02;3795.5;1800.2
341;48;15;3;19766;5874;1800.02;2364.1;309.6;3926.8;1359.08;1454.4;1800.21
342;42;15;3;18880;5501;1800.08;1893.8;1800.11;3953;1442.3;6423.2;1330.18
343;56;15;3;24264;6958;1800.10;2243.9;1800.14;3927.2;1451.17;1760.3;1800.13
344;56;15;3;23903;6953;1800.09;2400.4;303.97;3931.3;1350.2;1689.1;1800.11
345;56;15;3;24958;7186;1800.07;2222.4;1800.09;4080.5;1531.82;1769.5;1800.15
346;56;15;3;22619;6711;1800.03;2626;532.23;4079.6;1579.04;2321.7;1800.13
347;54;15;3;23329;6836;1800.09;2294.4;519.4;4073.3;1433.67;1657.3;1800.12
348;48;15;3;21356;6251;1800.05;2433;1800.16;4074.3;1333.81;2853.2;1800.19
349;56;15;3;24571;7158;1800.09;2271.8;653.81;4077.5;1690.84;1814.5;1800.11
350;48;15;3;21416;6195;1800.08;2374.7;470.07;4081.7;1547.21;1539.3;1800.15
351;54;16;4;26223;7788;269.06;2180.2;1800.13;3817.1;1800.08;1646.5;1800.18
352;48;16;4;23459;6945;592.87;2078.4;1800.15;3930.4;1587.19;2889;1800.17
353;48;16;4;25583;7222;1800.10;2114.1;1800.16;3883.5;1403.65;3686.8;1800.22
354;48;16;4;25336;7396;1800.09;2222.7;1800.16;3873.8;1496.76;6413.2;1514.87
355;56;16;4;27823;7995;1800.02;2360;325.47;2361.4;1800.09;2195.8;1800.11
356;49;16;4;25032;7292;1800.03;2210.3;1800.13;2913.1;1800.07;1467.1;1800.08
357;42;16;4;21218;6374;1637.84;2217;1800.18;4036.1;1328.51;6416.8;1452.64
358;49;16;4;23203;6838;362.59;2229.4;1800.22;4077.7;1638.52;5212.8;1800.19
359;49;16;4;24835;7351;1800.04;2237;1800.18;3785.8;1800.09;3170.4;1800.18
360;54;16;4;28853;8300;1018.24;2182;1800.2;4074.1;1617.32;1503.4;1800.15
361;30;16;3;14683;4551;45.09;2284.4;621.46;4085.1;1124.51;5043.8;1800.21
362;28;16;3;13483;4203;52.41;2007.7;1800.14;3932.4;1005.85;4421.6;1800.22
363;35;16;3;16034;4990;1800.05;2322.8;1187.72;3950.2;1155.24;6427.1;1469.63
364;36;16;3;17893;5432;1800.09;2181.3;142.13;3923.8;1108.52;6428.5;1013.36
365;36;16;3;16282;4965;962.81;2176.4;1800.18;4090.6;1613.72;6428.3;1327.39
366;35;16;3;16256;4981;1800.04;2331.5;192.21;4084.4;1159.59;6429;1458.56
367;35;16;3;15515;4783;1800.04;2174.4;105.46;4085.4;1280.63;3188.9;1800.15
368;30;16;3;13249;4119;1018.20;1992.4;1800.1;4080.5;1048.03;6401.2;1307.86
369;36;16;3;16959;5140;1800.03;2192.8;182.54;4081.8;1138.91;6427.5;1582.79
370;35;16;3;16638;5093;1800.08;2139.7;1800.14;4076.5;938.52;6398.6;1162.59
371;49;16;2;23592;6803;1800.09;2208.3;1800.11;3962.1;1683.73;1494.8;1800.09
372;56;16;2;27237;7728;1800.09;2148.9;1800.17;3817.2;1800.03;2533.8;1800.2
373;56;16;2;27962;7863;1800.10;2133.4;1800.15;4036;1800.1;1900.7;1800.16
374;49;16;2;23392;6634;1800.05;2088.5;1800.13;4092.1;1586.76;1395;1800.09
375;54;16;2;24480;7109;1800.01;2221.1;176.9;4039.6;1800.09;2343.5;1800.12
376;48;16;2;21635;6390;34.99;2455.2;264.93;4091.3;1756;1532.2;1800.09
377;56;16;2;26841;7665;1800.02;2200.6;172.37;3895.2;1800.01;2164.5;1800.2
378;48;16;2;22223;6444;1800.04;2329.6;1800.14;4089.6;1533.14;1430.1;1800.11
379;48;16;2;21154;6247;86.49;2467.7;1221.9;4091.6;1665.72;1642.1;1800.09
380;63;16;2;31088;8680;1800.09;2312.1;1800.18;3943.9;1800.02;2888.8;1800.18
381;49;17;3;26026;7562;1800.05;2335.8;691.01;4075.7;1277.98;1460.8;1800.1
382;63;17;3;34894;9889;1800.03;2330.5;347.82;3596.2;1800.02;3010.2;1800.16
383;56;17;3;31409;8969;1800.09;2213.3;1800.14;3937.2;1160.66;2227.3;1800.17
384;54;17;3;30299;8699;1800.07;2262.9;180.95;3937;1715.77;1970.7;1800.16
385;56;17;3;30895;8909;1800.02;2220.4;1800.17;4076.1;1567.21;2092.3;1800.12
386;56;17;3;32009;9083;1800.10;2615;892.78;4071.5;1426.52;1816.4;1800.16
387;72;17;3;41418;11513;1800.02;2231.6;1800.17;4058.6;1733.18;4478.3;1800.24
388;63;17;3;35387;9832;1800.01;2510;509.25;4076.7;1599.34;2854.2;1800.2
389;54;17;3;29634;8670;1800.05;2494.9;538.51;3111.9;1800.09;1917.4;1800.13
390;56;17;3;29848;8614;1800.09;2477.8;1098.36;4076.3;1445.76;2226.7;1800.17

